<results>
<copyright>(c) 2012, Great Britain Historical GIS, University of Portsmouth, UK. Published under the Creative Commons Attribution 2.0 UK: England &amp; Wales License (http://creativecommons.org/licenses/by/2.0/uk/).</copyright>
<place>
<id>6220</id>
<name>HAWRIDGE</name>
<container>BUCKINGHAMSHIRE</container>
<lat>51.7460641519736</lat>
<lon>-0.623543007828611</lon>
<gazetteerText>HAWRIDGE, a parish in Aylesbury district, Bucks; adjacent to Herts, 3&#188; miles N of Chesham, and 4 WSW of Berkhampstead r. station, Post-town, Cholesbury, under Tring. Acres, 696. Real property, &#163;1,006. Pop., 276. Houses, 54. The property is divided among a few. The old manor-house is moated. The living is a rectory in the diocese of Oxford. Value, &#163;150.*Patron, the Rev. H. Du Cane. The church is good, and has an old circular font. (In 1870-72, John Marius Wilson&apos;s Imperial Gazetteer of England and Wales)</gazetteerText>
<links>
<link>http://en.wikipedia.org/wiki/Hawridge</link>
<link>http://www.geonames.org/2647277</link>
<link>http://met.open.ac.uk/genuki/big/eng/BKM/Hawridge/Index.html</link>
<link>http://www.british-history.ac.uk/report.asp?compid=42580</link>
</links>
<unit>
   <id>10157481</id>
   <status>EP</status>
   <name>HAWRIDGE</name>
</unit>
<unit>
   <id>10219954</id>
   <status>CP/AP</status>
   <name>HAWRIDGE</name>
</unit>
<nearByPlace>
   <id>2542</id>
   <name>CHOLESBURY</name>
</nearByPlace>
</place>
</results>
