<results>
<copyright>(c) 2012, Great Britain Historical GIS, University of Portsmouth, UK. Published under the Creative Commons Attribution 2.0 UK: England &amp; Wales License (http://creativecommons.org/licenses/by/2.0/uk/).</copyright>
<place>
<id>6074</id>
<name>KNAPWELL</name>
<container>CAMBRIDGESHIRE</container>
<lat>52.2323094633925</lat>
<lon>-0.0529661271675574</lon>
<gazetteerText>KNAPWELL, a parish in Caxton district, Cambridge; 3&#189; miles NE of Caxton, and 4&#189; SSW of Swavesey r. station. Post town, Elsworth, under St. Ives, Hunts. Acres, 2, 000. Real property, &#163;719. Pop., 156. Houses, 29. The property is divided among a few. The living is a rectory in the diocese of Ely. Valne, &#163;150. Patron, the Rev. David Craig. The church, excepting the tower, was rebuilt in 1865. Charities, &#163;8. (In 1870-72, John Marius Wilson&apos;s Imperial Gazetteer of England and Wales)</gazetteerText>
<links>
<link>http://www.genuki.org.uk/big/eng/CAM/Knapwell/index.html</link>
<link>http://www.geonames.org/7292948</link>
<link>http://www.british-history.ac.uk/report.asp?compid=15471</link>
<link>http://www.british-history.ac.uk/report.asp?compid=15472</link>
<link>http://www.british-history.ac.uk/report.asp?compid=15474</link>
<link>http://www.british-history.ac.uk/report.asp?compid=15475</link>
<link>http://www.british-history.ac.uk/report.asp?compid=15477</link>
<link>http://www.british-history.ac.uk/report.asp?compid=15473</link>
<link>http://www.british-history.ac.uk/report.asp?compid=15476</link>
<link>http://www.british-history.ac.uk/report.asp?compid=15478</link>
</links>
<unit>
   <id>10159349</id>
   <status>EP</status>
   <name>KNAPWELL</name>
</unit>
<unit>
   <id>10217246</id>
   <status>CP/AP</status>
   <name>KNAPWELL</name>
</unit>
<unit>
   <id>10575916</id>
   <status></status>
   <name>KNAPWELL</name>
</unit>
</place>
</results>
