<results>
<copyright>(c) 2012, Great Britain Historical GIS, University of Portsmouth, UK. Published under the Creative Commons Attribution 2.0 UK: England &amp; Wales License (http://creativecommons.org/licenses/by/2.0/uk/).</copyright>
<place>
<id>23964</id>
<name>LLANLLWCH</name>
<container>CARMARTHENSHIRE</container>
<lat>51.843995302655</lat>
<lon>-4.34328178309339</lon>
<gazetteerText>LLANLLWCH, a chapelry in Carmarthen-St. Peter parish, Carmarthenshire; 2 miles SW of Carmarthen r. station. It was constituted in 1843; and its Post town is Carmarthen. Pop., 896. Houses, 196. The living is a vicarage in the diocese of St. David&apos;s. Value, &#163;120. Patron, the Bishop of St. David&apos;s. (In 1870-72, John Marius Wilson&apos;s Imperial Gazetteer of England and Wales)</gazetteerText>
<links>
<link>http://en.wikipedia.org/wiki/Llanllwch</link>
<link>http://www.geonames.org/3345166</link>
</links>
<unit>
   <id>10236071</id>
   <status>EP</status>
   <name>LLAN LLWCH</name>
</unit>
</place>
</results>
