<results>
<copyright>(c) 2012, Great Britain Historical GIS, University of Portsmouth, UK. Published under the Creative Commons Attribution 2.0 UK: England &amp; Wales License (http://creativecommons.org/licenses/by/2.0/uk/).</copyright>
<place>
<id>4140</id>
<name>SMALLEY</name>
<container>DERBYSHIRE</container>
<lat>52.9951106899391</lat>
<lon>-1.38539665838647</lon>
<gazetteerText>SMALLEY, a township-chapelry, with a village, in Morley parish, Derby; 2&#189; miles E of Coxbench r. station, and 4 WNW of Ilkeston. It has a post-office&#8225; under Derby. Acres, 1,578. Real property, &#163;3,059. Pop., 721. Houses, 159. The property is divided among a few. The manor-house is the residence of J. Radford, Esq.; and Kidsley Park belongs to W. D. Lowe, Esq. The living is annexed to Morley. The church was restored and enlarged in 1863. There are a Baptist meeting-house, a national school for girls, a well endowed boys&apos; school, and charities of &#163;40 per annum to poor old colliers. (In 1870-72, John Marius Wilson&apos;s Imperial Gazetteer of England and Wales)</gazetteerText>
<links>
<link>http://www.genuki.org.uk/big/eng/DBY/Smalley/index.html</link>
<link>http://en.wikipedia.org/wiki/Smalley</link>
<link>http://www.geonames.org/2637620</link>
</links>
<unit>
   <id>10131753</id>
   <status>Ch/CP</status>
   <name>SMALLEY</name>
</unit>
<unit>
   <id>10202371</id>
   <status>EP</status>
   <name>SMALLEY</name>
</unit>
</place>
</results>
