<results>
<copyright>(c) 2012, Great Britain Historical GIS, University of Portsmouth, UK. Published under the Creative Commons Attribution 2.0 UK: England &amp; Wales License (http://creativecommons.org/licenses/by/2.0/uk/).</copyright>
<place>
<id>16497</id>
<name>YESTER</name>
<container>EAST LOTHIAN</container>
<lat>55.8778979934041</lat>
<lon>-2.75196753811833</lon>
<gazetteerText>Yester, par., Haddingtonshire, 8848 ac., pop. 924; the church is at Gifford, 4 miles SE. of Haddington; Yester House, seat of the Marquis of Tweeddale, on Gifford Water, is 1 mile SE. of Gifford vil. (In 1887, John Bartholomew&apos;s Gazetteer of the British Isles)</gazetteerText>
<links>
<link>http://en.wikipedia.org/wiki/Gifford</link>
<link>http://www.clerkington.plus.com/GENUKI/ELN/Yester/index.html</link>
<link>http://www.geonames.org/2648682</link>
</links>
<unit>
   <id>10051071</id>
   <status></status>
   <name>YESTER</name>
</unit>
</place>
</results>
