<results>
<copyright>(c) 2012, Great Britain Historical GIS, University of Portsmouth, UK. Published under the Creative Commons Attribution 2.0 UK: England &amp; Wales License (http://creativecommons.org/licenses/by/2.0/uk/).</copyright>
<place>
<id>6514</id>
<name>ALPHAMSTONE</name>
<container>ESSEX</container>
<lat>51.9782398351251</lat>
<lon>0.727981498746726</lon>
<gazetteerText>ALPHAMSTONE, a parish in Sudbury district, Essex; near the river Stour, 2&#189; miles WNW of Bures r. station, and 5 S of Sudbury. Post Town, Bures under Colchester. Acres, 1,557. Real property, &#163;2,614. Pop., 317. Houses, 72. The property is divided among a few. The living is a rectory in the diocese of Rochester. Value &#163;257.* Patron, the Lord Chancellor. The church is tolerable. Charities, &#163;13. (In 1870-72, John Marius Wilson&apos;s Imperial Gazetteer of England and Wales)</gazetteerText>
<links>
<link>http://en.wikipedia.org/wiki/Alphamstone</link>
<link>http://www.geonames.org/7298502</link>
</links>
<unit>
   <id>10234130</id>
   <status>CP/AP</status>
   <name>ALPHAMSTONE</name>
</unit>
<unit>
   <id>10234141</id>
   <status>EP</status>
   <name>ALPHAMSTONE</name>
</unit>
</place>
</results>
