<results>
<copyright>(c) 2012, Great Britain Historical GIS, University of Portsmouth, UK. Published under the Creative Commons Attribution 2.0 UK: England &amp; Wales License (http://creativecommons.org/licenses/by/2.0/uk/).</copyright>
<place>
<id>925</id>
<name>CLACTON</name>
<container>ESSEX</container>
<lat>51.7981612539141</lat>
<lon>1.15248177945432</lon>
<gazetteerText>CLACTON (Great), a parish in Tendring district, Essex; on the coast, 9 miles SE by E of Wivenhoe r. station, and 13 SE of Colchester. It has a post office under Colchester, and a fair on 29 June. Acres, 4, 280; of which 235 are water. Real property, &#163;7, 405. Pop., 1, 280. Houses, 284. The property is much subdivided. Clacton Wash is a coast-guard station; and Clacton Cliff has a signal-house and martello towers. The living is a vicarage, united with Little Holland, in the dio. of Rochester. Value, &#163;307.* Patron, F. Nassau, Esq. The church is good. There are a Wesleyan chapel and a n. school. (In 1870-72, John Marius Wilson&apos;s Imperial Gazetteer of England and Wales)</gazetteerText>
<links>
<link>http://www.geonames.org/2648134</link>
</links>
<unit>
   <id>10110233</id>
   <status>USD</status>
   <name>GREAT CLACTON</name>
</unit>
<unit>
   <id>10173309</id>
   <status>UD</status>
   <name>CLACTON</name>
</unit>
<unit>
   <id>10236691</id>
   <status>CP/AP</status>
   <name>GREAT CLACTON</name>
</unit>
<unit>
   <id>10236745</id>
   <status>EP</status>
   <name>GREAT CLACTON</name>
</unit>
<unit>
   <id>10236800</id>
   <status>EP</status>
   <name>CLACTON ON SEA ST JAMES</name>
</unit>
<unit>
   <id>10236812</id>
   <status>EP</status>
   <name>CLACTON ON SEA ST PAUL</name>
</unit>
<unit>
   <id>10538180</id>
   <status></status>
   <name>CLACTON</name>
</unit>
<unit>
   <id>12834573</id>
   <status></status>
   <name>CLACTON</name>
</unit>
<nearByPlace>
   <id>894</id>
   <name>BRIGHTLINGSEA</name>
</nearByPlace>
<nearByPlace>
   <id>6537</id>
   <name>GREAT BENTLEY</name>
</nearByPlace>
<nearByPlace>
   <id>6538</id>
   <name>LITTLE BENTLEY</name>
</nearByPlace>
<nearByPlace>
   <id>6601</id>
   <name>LITTLE CLACTON</name>
</nearByPlace>
<nearByPlace>
   <id>6801</id>
   <name>LITTLE HOLLAND</name>
</nearByPlace>
<nearByPlace>
   <id>6889</id>
   <name>ST OSYTH</name>
</nearByPlace>
<nearByPlace>
   <id>6926</id>
   <name>TENDRING</name>
</nearByPlace>
<nearByPlace>
   <id>6936</id>
   <name>THORRINGTON</name>
</nearByPlace>
<nearByPlace>
   <id>6966</id>
   <name>WEELEY</name>
</nearByPlace>
</place>
</results>
