<results>
<copyright>(c) 2012, Great Britain Historical GIS, University of Portsmouth, UK. Published under the Creative Commons Attribution 2.0 UK: England &amp; Wales License (http://creativecommons.org/licenses/by/2.0/uk/).</copyright>
<place>
<id>20232</id>
<name>COGAN</name>
<container>GLAMORGAN</container>
<lat>51.4278144226623</lat>
<lon>-3.19543351042828</lon>
<gazetteerText>COGAN, a parish in Cardiff district, Glamorgan; near the coast, 3&#189; miles S by E of Ely r. station, and 4&#189; SSW of Cardiff. Post town, Penarth, under Cardiff. Acres, 602. Real property, &#163;854. Pop., 283. Houses, 38. An old house, at Cogan-Pill, was the seat of the Herberts of Cogan. The living is a rectory, annexed to the rectory of Leckwith, in the diocese of Llandaff. The church has tombs of the Herberts. (In 1870-72, John Marius Wilson&apos;s Imperial Gazetteer of England and Wales)</gazetteerText>
<links>
<link>http://www.genuki.org.uk/big/wal/GLA/Cogan/</link>
<link>http://www.geonames.org/2652643</link>
</links>
<unit>
   <id>10013501</id>
   <status>EP</status>
   <name>COGAN</name>
</unit>
<unit>
   <id>10484637</id>
   <status>CP/AP</status>
   <name>COGAN</name>
</unit>
</place>
</results>
