<results>
<copyright>(c) 2012, Great Britain Historical GIS, University of Portsmouth, UK. Published under the Creative Commons Attribution 2.0 UK: England &amp; Wales License (http://creativecommons.org/licenses/by/2.0/uk/).</copyright>
<place>
<id>8830</id>
<name>SULLY</name>
<container>GLAMORGAN</container>
<lat>51.4033779228397</lat>
<lon>-3.22415979020705</lon>
<gazetteerText>SULLY, a parish in Cardiff district, Glamorgan; on the coast, 6 miles SSW of Cardiff r. station. It has a post-office under Cardiff. Acres, 2,167; of which 810 are water. Real property, &#163;1,856. Pop., 192. Houses, 36. The manor was given by Fitzhammon to Sir R. de Sully. S. House is the seat of Sir J. B. Guest, Bart. An islet, called Sully island, lies off the coast, and has an ancient small camp. The living is a rectory in the diocese of Llandaff. Value, &#163;250.* Patron, Sir J. B. Guest, Bart. The church has been much modernized. (In 1870-72, John Marius Wilson&apos;s Imperial Gazetteer of England and Wales)</gazetteerText>
<links>
<link>http://www.genuki.org.uk/big/wal/GLA/Sully/</link>
<link>http://en.wikipedia.org/wiki/Sully,_Vale_of_Glamorgan</link>
<link>http://www.geonames.org/2636545</link>
</links>
<unit>
   <id>10303620</id>
   <status>CP/AP</status>
   <name>SULLY</name>
</unit>
</place>
</results>
