<results>
<copyright>(c) 2012, Great Britain Historical GIS, University of Portsmouth, UK. Published under the Creative Commons Attribution 2.0 UK: England &amp; Wales License (http://creativecommons.org/licenses/by/2.0/uk/).</copyright>
<place>
<id>10360</id>
<name>GREAT BARRINGTON</name>
<container>GLOUCESTERSHIRE</container>
<lat>51.8221194743379</lat>
<lon>-1.70442398562541</lon>
<gazetteerText>BARRINGTON (Great), a parish in the district of Stow-on-the-Wold, Gloucester; on the verge of the county, 3&#189; miles NW of Burford, and 7 SW of Shipton r. station. It has a post office, of the name of Barrington, under Faringdon. Acres, 2,983. Real property, &#163;3,517. Pop., 496. Houses, 107. The property is divided among a few. The manor belonged, prior to the Conquest, to Earl Harold; and belongs now to Lord Dynevor. The present mansion on it is an elegant modern edifice, within a park about 3 miles in circuit; and a previous mansion was built in 1734 by Lord Chancellor Talbot, and soon afterwards destroyed by fire. Quarries of excellent freestone are worked; and supplied the material for Blenheim House and for the restoration of Westminster Abbey. The living is a vicarage in the diocese of Gloucester and Bristol. Value, &#163;221. Patron, Lord Dynevor. The church is a handsome building, with pinnacled tower; was erected in the time of Henry VII.; and has monuments of Captain Edward Bray and Lord Chancellor Talbot. Charities, &#163;17. (In 1870-72, John Marius Wilson&apos;s Imperial Gazetteer of England and Wales)</gazetteerText>
<links>
<link>http://www.genuki.org.uk/big/eng/GLS/GreatBarrington/index.html</link>
<link>http://www.geonames.org/2648166</link>
<link>http://www.berksfhs.org.uk/genuki/BRK/GreatBarrington/index.html</link>
</links>
<unit>
   <id>10356271</id>
   <status>CP</status>
   <name>BARRINGTON</name>
</unit>
<unit>
   <id>10356301</id>
   <status>AP/CP</status>
   <name>GREAT BARRINGTON</name>
</unit>
<unit>
   <id>10356362</id>
   <status>EP</status>
   <name>GREAT BARRINGTON</name>
</unit>
</place>
</results>
