<results>
<copyright>(c) 2012, Great Britain Historical GIS, University of Portsmouth, UK. Published under the Creative Commons Attribution 2.0 UK: England &amp; Wales License (http://creativecommons.org/licenses/by/2.0/uk/).</copyright>
<place>
<id>5938</id>
<name>EAST STRATTON</name>
<container>HAMPSHIRE</container>
<lat>51.1588248784538</lat>
<lon>-1.2182052606545</lon>
<gazetteerText>STRATTON (East), a parish in Winchester district, Hants; 2&#189; miles ENE of Mitcheldever r. station, and 8 NNE of Winchester. Post town, Mitcheldever Station. Acres, 2,190. Real property, &#163;2,283. Pop., 365. Houses, 70. The manor belonged anciently to Hyde abbey at Winchester; went, at the dissolution, to Sir T. Wriothesley; passed, by marriage with a daughter of the last Earl of Southampton, to William Lord Russell; and was sold, by his representative, to Sir Francis Baring. S. Park is the manorial mansion. The living is a p. curacy, annexed to Mitcheldever. The church is ancient. (In 1870-72, John Marius Wilson&apos;s Imperial Gazetteer of England and Wales)</gazetteerText>
<links>
<link>http://www.genuki.org.uk/big/eng/HAM/EastStratton/index.shtml</link>
<link>http://www.geonames.org/2650330</link>
<link>http://www.british-history.ac.uk/report.asp?compid=42012</link>
</links>
<unit>
   <id>10061362</id>
   <status>EP</status>
   <name>EAST STRATTON</name>
</unit>
<unit>
   <id>10211700</id>
   <status>Ch/CP</status>
   <name>EAST STRATTON</name>
</unit>
<unit>
   <id>10513169</id>
   <status></status>
   <name>EAST STRATTON</name>
</unit>
</place>
</results>
