<results>
<copyright>(c) 2012, Great Britain Historical GIS, University of Portsmouth, UK. Published under the Creative Commons Attribution 2.0 UK: England &amp; Wales License (http://creativecommons.org/licenses/by/2.0/uk/).</copyright>
<place>
<id>12533</id>
<name>HATTON</name>
<container>LINCOLNSHIRE</container>
<lat>53.274254278419</lat>
<lon>-0.235077639636569</lon>
<gazetteerText>HATTON, a parish in Horncastle district, Lincoln; 3&#189; miles ESE of Wragby, and 7 NE by N of Bardney r. station. Post town, Wragby. Acres, 1,831. Real property, &#163;1, 702. Pop., 199. Houses, 33. The manor belongs to the Sibthorpe family. The living is a rectory in the diocese of Lincoln. Value, &#163;227. Patrons, the Trustees of W. H. Sibthorpe, Esq. The church consists of nave and chancel, with a turret. Charities &#163;7. (In 1870-72, John Marius Wilson&apos;s Imperial Gazetteer of England and Wales)</gazetteerText>
<links>
<link>http://www.genuki.org.uk/big/eng/LIN/Hatton/</link>
<link>http://en.wikipedia.org/wiki/Hatton,_Lincolnshire</link>
<link>http://www.geonames.org/2647334</link>
</links>
<unit>
   <id>10423466</id>
   <status>CP/AP</status>
   <name>HATTON</name>
</unit>
<unit>
   <id>10423480</id>
   <status>EP</status>
   <name>HATTON</name>
</unit>
</place>
</results>
