<results>
<copyright>(c) 2012, Great Britain Historical GIS, University of Portsmouth, UK. Published under the Creative Commons Attribution 2.0 UK: England &amp; Wales License (http://creativecommons.org/licenses/by/2.0/uk/).</copyright>
<place>
<id>12981</id>
<name>MANBY</name>
<container>LINCOLNSHIRE</container>
<lat>53.3628451476503</lat>
<lon>0.109662675650786</lon>
<gazetteerText>MANBY, a parish, with a village, in Louth district, Lincoln; 3 miles NE of Legbourne r. station, and 4&#189; E by S of Louth. Post town, Louth. Acres, 1,460. Real property, &#163;2,088. Pop., 210. Houses, 47. The property is divided among a few. The manor belongs to S. T. Scrope, Esq. The living is a rectory in the diocese of Lincoln. Valne, &#163;482. Patron, the Rev. J. Waite. The church is late perpendicular, in good condition; and consists of nave and chancel, with a tower. There is a Wesleyan chapel. (In 1870-72, John Marius Wilson&apos;s Imperial Gazetteer of England and Wales)</gazetteerText>
<links>
<link>http://www.genuki.org.uk/big/eng/LIN/Manby/</link>
<link>http://en.wikipedia.org/wiki/Manby</link>
<link>http://www.geonames.org/2643125</link>
</links>
<unit>
   <id>10435262</id>
   <status>AP/CP</status>
   <name>MANBY</name>
</unit>
<unit>
   <id>10435274</id>
   <status>EP</status>
   <name>MANBY</name>
</unit>
<nearByPlace>
   <id>11901</id>
   <name>LITTLE CARLTON</name>
</nearByPlace>
<nearByPlace>
   <id>11952</id>
   <name>SOUTH COCKERINGTON</name>
</nearByPlace>
<nearByPlace>
   <id>12359</id>
   <name>GRIMOLDBY</name>
</nearByPlace>
<nearByPlace>
   <id>13500</id>
   <name>SOUTH RESTON</name>
</nearByPlace>
</place>
</results>
