<results>
<copyright>(c) 2012, Great Britain Historical GIS, University of Portsmouth, UK. Published under the Creative Commons Attribution 2.0 UK: England &amp; Wales License (http://creativecommons.org/licenses/by/2.0/uk/).</copyright>
<place>
<id>12680</id>
<name>EAST KEAL</name>
<container>LINCOLNSHIRE</container>
<lat>53.1443422044601</lat>
<lon>0.0602434027947127</lon>
<gazetteerText>KEAL (EAST), a village and a parish in Spilsby district, Lincoln. The village stands on an acclivity 2&#189; miles SW by S of Spilsby r. Station, and 9 SW of Alford; has a post office under Spilsby; and commands a fine view of the Fens. The parish comprises 1,847 acres. Real property, &#163;3, 506. Pop., 393. Houses, 86. The property is divided among a few. The manor belongs to J. Buider and J. Sharp, Esqs. There are chalybeate springs. The living is a rectory in the diocese of Lincoln. Value, &#163;495 * Patron, the Rev. J. Spence. The church consists of nave, aisles, and chancel, with a tower; and was restored in 1855. There are a national school, and charities &#163;8. (In 1870-72, John Marius Wilson&apos;s Imperial Gazetteer of England and Wales)</gazetteerText>
<links>
<link>http://www.genuki.org.uk/big/eng/LIN/EastKeal/</link>
<link>http://www.geonames.org/2650407</link>
</links>
<unit>
   <id>10427060</id>
   <status>CP/AP</status>
   <name>EAST KEAL</name>
</unit>
<unit>
   <id>10427071</id>
   <status>EP</status>
   <name>EAST KEAL</name>
</unit>
<nearByPlace>
   <id>12681</id>
   <name>WEST KEAL</name>
</nearByPlace>
<nearByPlace>
   <id>13989</id>
   <name>TOYNTON ALL SAINTS</name>
</nearByPlace>
</place>
</results>
