<results>
<copyright>(c) 2012, Great Britain Historical GIS, University of Portsmouth, UK. Published under the Creative Commons Attribution 2.0 UK: England &amp; Wales License (http://creativecommons.org/licenses/by/2.0/uk/).</copyright>
<place>
<id>10817</id>
<name>PENTERRY</name>
<container>MONMOUTHSHIRE</container>
<lat>51.6870549637046</lat>
<lon>-2.69209061630407</lon>
<gazetteerText>PENTERRY, a parish in Chepstow district, Monmouth; near the river Wye, 3&#189; miles N by W of Chepstow r. station. Post-town, Chepstow. Acres, 479. Real property, &#163;533. Pop., 28. Houses, 9. The property is divided among a few. The living is a p. curacy in the diocese of Llandaff. Value, &#163;65. Patrons, the Chapter of Llandaff. The church is not good. (In 1870-72, John Marius Wilson&apos;s Imperial Gazetteer of England and Wales)</gazetteerText>
<links>
<link>http://www.genuki.org.uk/big/wal/MON/Penterry/index.html</link>
</links>
<unit>
   <id>10291124</id>
   <status>EP</status>
   <name>PENTERI</name>
</unit>
<unit>
   <id>10378138</id>
   <status>CP/AP</status>
   <name>PENTERRY</name>
</unit>
</place>
</results>
