<results>
<copyright>(c) 2012, Great Britain Historical GIS, University of Portsmouth, UK. Published under the Creative Commons Attribution 2.0 UK: England &amp; Wales License (http://creativecommons.org/licenses/by/2.0/uk/).</copyright>
<place>
<id>6628</id>
<name>LLAN SOE</name>
<container>MONMOUTHSHIRE</container>
<lat>51.7217504032724</lat>
<lon>-2.80950970955553</lon>
<gazetteerText>LLANSOY, a parish in Chepstow district, Monmouth; 2 miles NE of Llandenny r. station, and 4&#189; ENE of Usk. Post town, Usk, under Newport, Monmouth. Acres, 1,410. Real property, &#163;1,687. Pop., 168. Houses, 30. The property is divided among a few. The living is a rectory in the diocese of Llandaff. Value, &#163;170.* Patron, the Duke of Beaufort. The church is good. Charities, &#163;14. (In 1870-72, John Marius Wilson&apos;s Imperial Gazetteer of England and Wales)</gazetteerText>
<links>
<link>http://www.genuki.org.uk/big/wal/MON/Llansoy/index.html</link>
<link>http://www.geonames.org/2643945</link>
</links>
<unit>
   <id>10237476</id>
   <status>CP/AP/Ch</status>
   <name>LLAN SOE</name>
</unit>
</place>
</results>
