<results>
<copyright>(c) 2012, Great Britain Historical GIS, University of Portsmouth, UK. Published under the Creative Commons Attribution 2.0 UK: England &amp; Wales License (http://creativecommons.org/licenses/by/2.0/uk/).</copyright>
<place>
<id>3917</id>
<name>SCOTTOW</name>
<container>NORFOLK</container>
<lat>52.7625578532077</lat>
<lon>1.36608095499036</lon>
<gazetteerText>SCOTTOW, a village and a parish in Aylsham district, Norfolk. The village stands 4&#189; miles S S W of North Walsham r. station and 10 from Norwich; and has a post-office under Norwich, an inn called the Horse Shoes, and an Odd Fellows&apos; meeting-room. The parish comprises 2, 120 acres. Real property, &#163;4, 472. Pop. in 1851, 550; in 1861, 454. Houses, 102. The manor belongs to Sir H. J. Durrant, Bart. The living is a vicarage, annexed to Belaugh, in the diocese of Norwich. The church is good, and has a high tower. There are a parochial school and a poors&apos; allotment of 21 acres. (In 1870-72, John Marius Wilson&apos;s Imperial Gazetteer of England and Wales)</gazetteerText>
<links>
<link>http://en.wikipedia.org/wiki/Scottow</link>
<link>http://www.origins.org.uk/genuki/NFK/places/s/scottow/</link>
<link>http://www.geonames.org/7301915</link>
</links>
<unit>
   <id>10123100</id>
   <status>AP/CP</status>
   <name>SCOTTOW</name>
</unit>
<unit>
   <id>10508599</id>
   <status></status>
   <name>SCOTTOW</name>
</unit>
<nearByPlace>
   <id>3919</id>
   <name>SWANTON ABBOT</name>
</nearByPlace>
<nearByPlace>
   <id>3955</id>
   <name>FELMINGHAM</name>
</nearByPlace>
<nearByPlace>
   <id>4685</id>
   <name>WESTWICK</name>
</nearByPlace>
<nearByPlace>
   <id>4713</id>
   <name>SLOLEY</name>
</nearByPlace>
<nearByPlace>
   <id>5468</id>
   <name>SKEYTON</name>
</nearByPlace>
<nearByPlace>
   <id>5861</id>
   <name>WORSTEAD</name>
</nearByPlace>
<nearByPlace>
   <id>6071</id>
   <name>SUFFIELD</name>
</nearByPlace>
</place>
</results>
