<results>
<copyright>(c) 2012, Great Britain Historical GIS, University of Portsmouth, UK. Published under the Creative Commons Attribution 2.0 UK: England &amp; Wales License (http://creativecommons.org/licenses/by/2.0/uk/).</copyright>
<place>
<id>20208</id>
<name>BURGH PARVA</name>
<container>NORFOLK</container>
<lat>52.8606870195363</lat>
<lon>1.03664347140391</lon>
<gazetteerText>BURGH-PARVA, a hamlet in Melton-Constable parish, Norfolk; 4&#189; miles SW of Holt. It was formerly a parish; and it ranks as a rectory, annexed to MeltonConstable; but its church is in ruins. (In 1870-72, John Marius Wilson&apos;s Imperial Gazetteer of England and Wales)</gazetteerText>
<links>
<link>http://www.origins.org.uk/genuki/NFK/places/b/burgh_parva/</link>
</links>
<unit>
   <id>10015856</id>
   <status>AP</status>
   <name>BURGH PARVA</name>
</unit>
<unit>
   <id>10489430</id>
   <status>EP</status>
   <name>BURGH PARVA</name>
</unit>
</place>
</results>
