<results>
<copyright>(c) 2012, Great Britain Historical GIS, University of Portsmouth, UK. Published under the Creative Commons Attribution 2.0 UK: England &amp; Wales License (http://creativecommons.org/licenses/by/2.0/uk/).</copyright>
<place>
<id>2922</id>
<name>FRITTON</name>
<container>NORFOLK</container>
<lat>52.489759232471</lat>
<lon>1.28233139539375</lon>
<gazetteerText>FRITTON, a parish in Depwade district, Norfolk; 3&#189; miles E by S of Forncett r. station, and 6&#189; N of Harleston. Post town, Long Stratton. Acres, 889. Real property, &#163;1, 974. Pop., 235. Houses, 52. The living is a rectory in the diocese of Norwich. Value, &#163;257. Patron, Edward Howes, Esq. The church is good; and there are a national school and townlands &#163;34. (In 1870-72, John Marius Wilson&apos;s Imperial Gazetteer of England and Wales)</gazetteerText>
<links>
<link>http://www.geonames.org/2649036</link>
<link>http://www.origins.org.uk/genuki/NFK/places/f/fritton/</link>
</links>
<unit>
   <id>10083138</id>
   <status>AP/CP</status>
   <name>FRITTON</name>
</unit>
<unit>
   <id>10180235</id>
   <status>AP</status>
   <name>FRITTON ST CATHERINE</name>
</unit>
<unit>
   <id>10189238</id>
   <status>EP</status>
   <name>FRITTON ST CATHERINE</name>
</unit>
<unit>
   <id>10503954</id>
   <status></status>
   <name>FRITTON</name>
</unit>
</place>
</results>
