<results>
<copyright>(c) 2012, Great Britain Historical GIS, University of Portsmouth, UK. Published under the Creative Commons Attribution 2.0 UK: England &amp; Wales License (http://creativecommons.org/licenses/by/2.0/uk/).</copyright>
<place>
<id>5458</id>
<name>THORNAGE</name>
<container>NORFOLK</container>
<lat>52.894013280897</lat>
<lon>1.04780535714491</lon>
<gazetteerText>THORNAGE, a parish in Erpingham district, Norfolk; 8 miles E of Walsingham r. station. Post town, Holt, under Thetford. Acres, 1,266. Real property, &#163;2,582. Pop., 358. Houses, 83. The manor belongs to Lord Hastings. There are a brass and iron foundry, and an agricultural-instrument manufactory. The living is a rectory, united with Brinton, in the diocese of Norwich. Value, &#163;467.* Patron, Lord Hastings. The church is chiefly early English; and there is a Baptist chapel. (In 1870-72, John Marius Wilson&apos;s Imperial Gazetteer of England and Wales)</gazetteerText>
<links>
<link>http://www.origins.org.uk/genuki/NFK/places/t/thornage/</link>
<link>http://www.geonames.org/7295690</link>
</links>
<unit>
   <id>10195421</id>
   <status>AP/CP</status>
   <name>THORNAGE</name>
</unit>
<unit>
   <id>10514794</id>
   <status></status>
   <name>THORNAGE</name>
</unit>
<nearByPlace>
   <id>2269</id>
   <name>SAXLINGHAM</name>
</nearByPlace>
<nearByPlace>
   <id>6060</id>
   <name>STODY</name>
</nearByPlace>
</place>
</results>
