<results>
<copyright>(c) 2012, Great Britain Historical GIS, University of Portsmouth, UK. Published under the Creative Commons Attribution 2.0 UK: England &amp; Wales License (http://creativecommons.org/licenses/by/2.0/uk/).</copyright>
<place>
<id>84</id>
<name>ROTHWELL</name>
<container>NORTHAMPTONSHIRE</container>
<lat>52.4194611309418</lat>
<lon>-0.798193215750026</lon>
<gazetteerText>ROTHWELL, a small town, a parish, a sub-district, and a hundred, in Northamptonshire. The town stands 2&#188; miles S S E of Desborough r. station, and 4 N W of Kettering; had anciently an Augustinian nunnery, founded by the Clare family; carries on some silk plush and shoemanufacture; and has a post-office&#8225; under Kettering, anancient market house, a church, Independent and Wesleyan chapels, an endowed school, with &#163;29 a year, national and British schools, a well-endowed hospital for26 widowers, a small charity for widows, and a stockfair on Trinity Monday. The market house was commenced in 1507, by Sir Thomas Tresham; was neverfinished; and bears the coats of arms of many nobility. The church is early English, with a tower; and the chancel was recently restored. A crypt beneath the S aisle was discovered about the middle of last century; and contains human bones stacked in order and computed to have belonged to at least about 3, 800 persons. These bones, as to whence they came, or whosethey were, have been the subject of much discussion, but are now supposed to have been merely a clearance from an old burial-ground. The parish contains also the hamlet of Thorpe-Underwood, and the chapelry of Orton. Acres, 4, 430. Real property, &#163;10, 560. Pop., 2, 350. Houses, 512. The property is subdivided. The manor belongs to B. Maunsell Tibbits, Esq. There is a petrifying spring. The living is a vicarage, united with the chapelry of Orton, in the diocese of Peterborough. Value, &#163;160. Patrons, the Governors of Rothwell Hospital and others.&#151;The sub-district contains also 8 other parishes, and is in Kettering district. Acres, 20, 783. Pop., 6, 179. Houses, 1, 327. The hundred contains 21 parishes and part of another. Acres, 39, 877. Pop., 9, 231. Houses, 1, 977. (In 1870-72, John Marius Wilson&apos;s Imperial Gazetteer of England and Wales)</gazetteerText>
<links>
<link>http://en.wikipedia.org/wiki/Rothwell,_Northamptonshire</link>
<link>http://www.geonames.org/2639074</link>
</links>
<unit>
   <id>10000695</id>
   <status>Borough</status>
   <name>ROTHWELL</name>
</unit>
<unit>
   <id>10002655</id>
   <status>UD</status>
   <name>ROTHWELL</name>
</unit>
<unit>
   <id>10138784</id>
   <status>USD</status>
   <name>ROTHWELL</name>
</unit>
<unit>
   <id>10140808</id>
   <status>Hundred</status>
   <name>ROTHWELL</name>
</unit>
<unit>
   <id>10280357</id>
   <status>CP/AP</status>
   <name>ROTHWELL</name>
</unit>
<unit>
   <id>10280382</id>
   <status>EP</status>
   <name>ROTHWELL WITH GLENDON</name>
</unit>
<unit>
   <id>10280394</id>
   <status>EP/EP</status>
   <name>ROTHWELL WITH ORTON</name>
</unit>
<unit>
   <id>10553921</id>
   <status></status>
   <name>ROTHWELL</name>
</unit>
<unit>
   <id>10579314</id>
   <status></status>
   <name>ROTHWELL</name>
</unit>
<unit>
   <id>10579326</id>
   <status></status>
   <name>ROTHWELL</name>
</unit>
<unit>
   <id>10579338</id>
   <status></status>
   <name>ROTHWELL I</name>
</unit>
<unit>
   <id>10579340</id>
   <status></status>
   <name>ROTHWELL II</name>
</unit>
<unit>
   <id>10579351</id>
   <status></status>
   <name>ROTHWELL III</name>
</unit>
<nearByPlace>
   <id>1035</id>
   <name>DESBOROUGH</name>
</nearByPlace>
<nearByPlace>
   <id>7621</id>
   <name>BRAYBROOKE</name>
</nearByPlace>
<nearByPlace>
   <id>7661</id>
   <name>CLIPSTON</name>
</nearByPlace>
<nearByPlace>
   <id>7685</id>
   <name>CRANSLEY</name>
</nearByPlace>
<nearByPlace>
   <id>8059</id>
   <name>LODDINGTON</name>
</nearByPlace>
<nearByPlace>
   <id>8071</id>
   <name>MAIDWELL</name>
</nearByPlace>
<nearByPlace>
   <id>8090</id>
   <name>NASEBY</name>
</nearByPlace>
<nearByPlace>
   <id>8146</id>
   <name>RUSHTON</name>
</nearByPlace>
<nearByPlace>
   <id>8262</id>
   <name>WALGRAVE</name>
</nearByPlace>
<nearByPlace>
   <id>8350</id>
   <name>WILBARSTON</name>
</nearByPlace>
</place>
</results>
