<results>
<copyright>(c) 2012, Great Britain Historical GIS, University of Portsmouth, UK. Published under the Creative Commons Attribution 2.0 UK: England &amp; Wales License (http://creativecommons.org/licenses/by/2.0/uk/).</copyright>
<place>
<id>7636</id>
<name>BROCKHALL</name>
<container>NORTHAMPTONSHIRE</container>
<lat>52.2605718438774</lat>
<lon>-1.07046365881428</lon>
<gazetteerText>BROCKHALL, a parish in Daventry district, Northampton; on Watling-street, the Grand Junction canal, and the Northwestern railway, 2&#189; miles N of Weedon station, and 4&#188; E of Daventry. Post Town, Weedon. Acres, 861. Real property, &#163;2,427. Pop., 54. Houses, 9. The property is divided among a few. Brockhall Park belonged formerly to the Eytons and the Tyrwhitts; and belongs now to T. R. Thornton, Esq. The living is a rectory in the diocese of Peterborough. Value, &#163;238.* Patron, T. R. Thornton, Esq. The church is partly Norman, and in good condition. (In 1870-72, John Marius Wilson&apos;s Imperial Gazetteer of England and Wales)</gazetteerText>
<links>
<link>http://en.wikipedia.org/wiki/Brockhall,_Northamptonshire</link>
<link>http://www.geonames.org/2654613</link>
</links>
<unit>
   <id>10266956</id>
   <status>CP/AP</status>
   <name>BROCKHALL</name>
</unit>
<unit>
   <id>10266968</id>
   <status>EP</status>
   <name>BROCKHALL</name>
</unit>
</place>
</results>
