<results>
<copyright>(c) 2012, Great Britain Historical GIS, University of Portsmouth, UK. Published under the Creative Commons Attribution 2.0 UK: England &amp; Wales License (http://creativecommons.org/licenses/by/2.0/uk/).</copyright>
<place>
<id>8174</id>
<name>STANWICK</name>
<container>NORTHAMPTONSHIRE</container>
<lat>52.3266276737219</lat>
<lon>-0.555032083898475</lon>
<gazetteerText>STANWICK, a parish, with a village, in Thrapston district, Northampton; 1&#190; mile ENE of Higham-Ferrers r. station. It has a post-office under Higham-Ferrers. Acres, 1,830. Real property, &#163;3,827. Pop., 669. Houses, 147. The property is subdivided. There are several good residences. The living is a rectory in the diocese of Peterborough. Value, &#163;600.* Patron, the Lord Chancellor. The church is early English, and has a tower and spire. There are three dissenting chapels, a national school, and charities &#163;25. Archbishop Dolben and the dramatist R. Cumberland were natives. (In 1870-72, John Marius Wilson&apos;s Imperial Gazetteer of England and Wales)</gazetteerText>
<links>
<link>http://en.wikipedia.org/wiki/Stanwick</link>
<link>http://www.geonames.org/2637034</link>
<link>http://www.british-history.ac.uk/report.asp?compid=66313</link>
</links>
<unit>
   <id>10281088</id>
   <status>CP/AP</status>
   <name>STANWICK</name>
</unit>
<unit>
   <id>10281090</id>
   <status>EP</status>
   <name>STANWICK</name>
</unit>
</place>
</results>
