<results>
<copyright>(c) 2012, Great Britain Historical GIS, University of Portsmouth, UK. Published under the Creative Commons Attribution 2.0 UK: England &amp; Wales License (http://creativecommons.org/licenses/by/2.0/uk/).</copyright>
<place>
<id>8284</id>
<name>WELFORD</name>
<container>NORTHAMPTONSHIRE</container>
<lat>52.4129462338119</lat>
<lon>-1.06607780145867</lon>
<gazetteerText>WELFORD, a parish, with a village, in the district of Lutterworth and county of Northampton; on a branch of the Grand Junction canal, 2&#189; miles SE of the Rugby and Stamford railway, and 10 ENE of Rugby. It has a post-office&#8225; under Rugby, and a r. station. Acres, 3,650. Real property, &#163;6,857. Pop., 1,099. Houses, 263. The property is much subdivided. The living is a vicarage in the diocese of Peterborough. Value, &#163;230.* Patron, the Bishop of P. The church is good; and there are an Independent chapel, an endowed school with &#163;6 a year, and charities &#163;45. (In 1870-72, John Marius Wilson&apos;s Imperial Gazetteer of England and Wales)</gazetteerText>
<links>
<link>http://en.wikipedia.org/wiki/Welford,_Northamptonshire</link>
<link>http://www.geonames.org/2634589</link>
</links>
<unit>
   <id>10284065</id>
   <status>AP/CP</status>
   <name>WELFORD</name>
</unit>
<unit>
   <id>10284090</id>
   <status>EP</status>
   <name>WELFORD</name>
</unit>
<nearByPlace>
   <id>7527</id>
   <name>COLD ASHBY</name>
</nearByPlace>
<nearByPlace>
   <id>7657</id>
   <name>CLAYCOTON</name>
</nearByPlace>
<nearByPlace>
   <id>7912</id>
   <name>ELKINGTON</name>
</nearByPlace>
<nearByPlace>
   <id>8171</id>
   <name>STANFORD</name>
</nearByPlace>
</place>
</results>
