<results>
<copyright>(c) 2012, Great Britain Historical GIS, University of Portsmouth, UK. Published under the Creative Commons Attribution 2.0 UK: England &amp; Wales License (http://creativecommons.org/licenses/by/2.0/uk/).</copyright>
<place>
<id>7375</id>
<name>ELKSLEY</name>
<container>NOTTINGHAMSHIRE</container>
<lat>53.2756563072888</lat>
<lon>-0.996199515078191</lon>
<gazetteerText>ELKSLEY, a parish in East Retford district, Notts; on the river Poulter, 4&#189; miles SSW of Retford r. station. It has a post office under Retford. Acres, 2, 500. Real property, &#163;2, 661. Pop., 362. Houses, 73. The property is divided among a few. The living is a vicarage in the diocese of Lincoln. Value, &#163;125. Patron, the Duke of Newcastle. The church is ancient and good; and has a tower. There is a Wesleyan chapel. (In 1870-72, John Marius Wilson&apos;s Imperial Gazetteer of England and Wales)</gazetteerText>
<links>
<link>http://www.genuki.org.uk/big/eng/NTT/Elksley/index.html</link>
<link>http://www.geonames.org/2650113</link>
</links>
<unit>
   <id>10260437</id>
   <status>CP/AP</status>
   <name>ELKSLEY</name>
</unit>
<unit>
   <id>10260449</id>
   <status>EP</status>
   <name>ELKSLEY</name>
</unit>
<nearByPlace>
   <id>7267</id>
   <name>BOTHAMSALL</name>
</nearByPlace>
<nearByPlace>
   <id>7316</id>
   <name>CARBURTON</name>
</nearByPlace>
<nearByPlace>
   <id>7366</id>
   <name>WEST DRAYTON</name>
</nearByPlace>
<nearByPlace>
   <id>7408</id>
   <name>GAMSTON</name>
</nearByPlace>
<nearByPlace>
   <id>7440</id>
   <name>HAUGHTON</name>
</nearByPlace>
</place>
</results>
