<results>
<copyright>(c) 2012, Great Britain Historical GIS, University of Portsmouth, UK. Published under the Creative Commons Attribution 2.0 UK: England &amp; Wales License (http://creativecommons.org/licenses/by/2.0/uk/).</copyright>
<place>
<id>7354</id>
<name>COTHAM</name>
<container>NOTTINGHAMSHIRE</container>
<lat>53.0123127132086</lat>
<lon>-0.814194476711122</lon>
<gazetteerText>COTHAM, a parish in Newark district, Notts; on the river Devon, near the meeting-point of Notts, Lincoln, and Leicester, 4&#190; miles W by S of Claypole r. station, and 4&#190; S of Newark. . Post town, Newark. Acres, 1, 210. Real property, &#163;1, 819. Pop., 95. Houses, 22. The property is all in one estate. The living is a donative curacy in the diocese of Lincoln. Value, &#163;35. Patron, the Duke of Portland. The church is good. (In 1870-72, John Marius Wilson&apos;s Imperial Gazetteer of England and Wales)</gazetteerText>
<links>
<link>http://www.genuki.org.uk/big/eng/NTT/Cotham/index.html</link>
<link>http://en.wikipedia.org/wiki/Cotham,_Nottinghamshire</link>
<link>http://www.geonames.org/2652281</link>
</links>
<unit>
   <id>10259691</id>
   <status>CP/AP</status>
   <name>COTHAM</name>
</unit>
<unit>
   <id>10259708</id>
   <status>EP</status>
   <name>COTHAM</name>
</unit>
</place>
</results>
