<results>
<copyright>(c) 2012, Great Britain Historical GIS, University of Portsmouth, UK. Published under the Creative Commons Attribution 2.0 UK: England &amp; Wales License (http://creativecommons.org/licenses/by/2.0/uk/).</copyright>
<place>
<id>7039</id>
<name>BLUNDESTON</name>
<container>SUFFOLK</container>
<lat>52.5121291385266</lat>
<lon>1.70240369395659</lon>
<gazetteerText>BLUNDESTON, a parish in Mutford district, Suffolk; near the coast, 2 &#189; miles ENE of Somerleyton r. station, and 3 &#189; NW by N of Lowestoft. It has a post office under Lowestoft. Acres, 1,573. Real property, &#163;3,306. Pop., 664. Houses, 156. The property is much subdivided. The manor belongs to R. H. Reeve, Esq. The living is a rectory, united with the rectory of Flixton, in the diocese of Norwich. Value, &#163;617.* Patrons, Executors of T. Morse, Esq. The church is old. There are a Wesleyan chapel, a national school, and charities &#163;87. (In 1870-72, John Marius Wilson&apos;s Imperial Gazetteer of England and Wales)</gazetteerText>
<links>
<link>http://www.genuki.org.uk/big/eng/SFK/Blundeston/index.html</link>
<link>http://en.wikipedia.org/wiki/Blundeston</link>
<link>http://www.geonames.org/7292608</link>
</links>
<unit>
   <id>10250602</id>
   <status>CP/AP</status>
   <name>BLUNDESTON</name>
</unit>
<unit>
   <id>10250614</id>
   <status>EP</status>
   <name>BLUNDESTON WITH FLIXTON</name>
</unit>
<nearByPlace>
   <id>7189</id>
   <name>FLIXTON</name>
</nearByPlace>
<nearByPlace>
   <id>7691</id>
   <name>SOMERLEYTON</name>
</nearByPlace>
</place>
</results>
