<results>
<copyright>(c) 2012, Great Britain Historical GIS, University of Portsmouth, UK. Published under the Creative Commons Attribution 2.0 UK: England &amp; Wales License (http://creativecommons.org/licenses/by/2.0/uk/).</copyright>
<place>
<id>12349</id>
<name>AXBRIDGE</name>
<container>SOMERSET</container>
<lat>51.288350630703</lat>
<lon>-2.81386855599256</lon>
<gazetteerText>Axbridge, par. and small town with ry. sta., mid. Somerset, 9&#189; miles NW. of Wells, 540 ac., pop. 718; P.O., T.O., 2 Banks. Market-days, Tuesday and Saturday. (In 1887, John Bartholomew&apos;s Gazetteer of the British Isles)</gazetteerText>
<links>
<link>http://www.geonames.org/2656730</link>
<link>http://en.wikipedia.org/wiki/Axbridge</link>
<link>http://www.genuki.org.uk/big/eng/SOM/Axbridge/index.html</link>
<link>http://www.workhouses.org.uk/Axbridge</link>
</links>
<unit>
   <id>10025515</id>
   <status>RD</status>
   <name>AXBRIDGE</name>
</unit>
<unit>
   <id>10055489</id>
   <status>RSD</status>
   <name>AXBRIDGE</name>
</unit>
<unit>
   <id>10097460</id>
   <status>Borough</status>
   <name>AXBRIDGE</name>
</unit>
<unit>
   <id>10112011</id>
   <status>PLU/RegD</status>
   <name>AXBRIDGE</name>
</unit>
<unit>
   <id>10418537</id>
   <status>CP/AP</status>
   <name>AXBRIDGE</name>
</unit>
<unit>
   <id>10418562</id>
   <status>EP</status>
   <name>AXBRIDGE</name>
</unit>
<unit>
   <id>10549723</id>
   <status></status>
   <name>AXBRIDGE</name>
</unit>
<unit>
   <id>10560780</id>
   <status></status>
   <name>AXBRIDGE</name>
</unit>
<unit>
   <id>10569138</id>
   <status></status>
   <name>AXBRIDGE</name>
</unit>
<unit>
   <id>12757992</id>
   <status>PBCon</status>
   <name>AXBRIDGE</name>
</unit>
</place>
</results>
