<results>
<copyright>(c) 2012, Great Britain Historical GIS, University of Portsmouth, UK. Published under the Creative Commons Attribution 2.0 UK: England &amp; Wales License (http://creativecommons.org/licenses/by/2.0/uk/).</copyright>
<place>
<id>13090</id>
<name>LYMPSHAM</name>
<container>SOMERSET</container>
<lat>51.2894315656433</lat>
<lon>-2.94701684812035</lon>
<gazetteerText>LYMPSHAM, a village and a parish in Axbridge district, Somerset. The village stands on the river Axe, 3 miles S of Weston-super-Mare-Junction r. station, and 6 W of Axbridge; and has a post office under Westonsuper-Mare. The parish contains also the hamlets of Easterton and Batch. Acres, 1,966. Real property, &#163;5,815. Pop., 496. Houses, 114. The property is much subdivided. The manor belonged formerly to Glastonbury abbey, and belongs now to Mrs. Popham. The living is a rectory in the diocese of Bath and Wells. Value, &#163;503. * Patron, the Rey. J. H. Stephenson. The church is later English, in good condition; and consists of nave, N aisle, and chancel, with porch and tower. There are a Wesleyan chapel, and charities &#163;4. (In 1870-72, John Marius Wilson&apos;s Imperial Gazetteer of England and Wales)</gazetteerText>
<links>
<link>http://www.genuki.org.uk/big/eng/SOM/Lympsham/index.html</link>
<link>http://www.geonames.org/2643307</link>
</links>
<unit>
   <id>10437921</id>
   <status>CP/AP</status>
   <name>LYMPSHAM</name>
</unit>
<unit>
   <id>10437933</id>
   <status>EP</status>
   <name>LYMPSHAM</name>
</unit>
</place>
</results>
