<results>
<copyright>(c) 2012, Great Britain Historical GIS, University of Portsmouth, UK. Published under the Creative Commons Attribution 2.0 UK: England &amp; Wales License (http://creativecommons.org/licenses/by/2.0/uk/).</copyright>
<place>
<id>12997</id>
<name>KINGSDON</name>
<container>SOMERSET</container>
<lat>51.0279880948892</lat>
<lon>-2.6914417660736</lon>
<gazetteerText>KINGSDON, a village and a parish in Langford district, Somerset. The village stands near the river Cary and the Fosse way, 2&#188; miles N of Ilchester, and 6 W of Sparkford r. station; and has a post office under Taunton. The parish comprises 2, 064 acres. Real property, &#163;3, 190. Pop., 472. Houses, 105. The property is divided among a few. The manor belongs to A. Moody, Esq. Kingsdon Hill commands a fine view. The living is a rectory in the diocese of Bath and Wells. Value, &#163;432.* Patron, University College, Oxford. The church is early and decorated English, in good condition; comprises nave, aisle, transept, and chancel, with porch and tower; and contains a piscina, and an effigies of a Knight Templar. (In 1870-72, John Marius Wilson&apos;s Imperial Gazetteer of England and Wales)</gazetteerText>
<links>
<link>http://www.genuki.org.uk/big/eng/SOM/Kingsdon/index.html</link>
<link>http://en.wikipedia.org/wiki/Kingsdon,_Somerset</link>
<link>http://www.geonames.org/2645472</link>
</links>
<unit>
   <id>10435626</id>
   <status>CP/AP</status>
   <name>KINGSDON</name>
</unit>
<unit>
   <id>10435640</id>
   <status>EP</status>
   <name>KINGSDON</name>
</unit>
<nearByPlace>
   <id>13116</id>
   <name>NORTHOVER</name>
</nearByPlace>
</place>
</results>
