<results>
<copyright>(c) 2012, Great Britain Historical GIS, University of Portsmouth, UK. Published under the Creative Commons Attribution 2.0 UK: England &amp; Wales License (http://creativecommons.org/licenses/by/2.0/uk/).</copyright>
<place>
<id>13060</id>
<name>LOPEN</name>
<container>SOMERSET</container>
<lat>50.9289155313717</lat>
<lon>-2.81995297450853</lon>
<gazetteerText>LOPEN, a parish, with a village, in Chard district, Somerset; 2 miles S by E of South Petherton, and 4 NNW of Crewkerne r. station. Post town, South Petherton, under Ilminster. Acres, 489. Real property, &#163;2,145. Pop., 419. Houses, 99. The property is subdivided. The manor belongs to Earl Poulett. The living is a vicarage in the diocese of Bath and Wells. Value, &#163;96. Patron, Earl Poulett. The church is ancient but good; was enlarged in 1834; and comprises transept and chancel, with bell-turret. (In 1870-72, John Marius Wilson&apos;s Imperial Gazetteer of England and Wales)</gazetteerText>
<links>
<link>http://www.genuki.org.uk/big/eng/SOM/Lopen/index.html</link>
<link>http://en.wikipedia.org/wiki/Lopen</link>
<link>http://www.geonames.org/2643602</link>
</links>
<unit>
   <id>10437271</id>
   <status>CP/Ch</status>
   <name>LOPEN</name>
</unit>
<unit>
   <id>10437283</id>
   <status>EP</status>
   <name>LOPEN</name>
</unit>
</place>
</results>
