<results>
<copyright>(c) 2012, Great Britain Historical GIS, University of Portsmouth, UK. Published under the Creative Commons Attribution 2.0 UK: England &amp; Wales License (http://creativecommons.org/licenses/by/2.0/uk/).</copyright>
<place>
<id>12342</id>
<name>LONG ASHTON</name>
<container>SOMERSET</container>
<lat>51.4316359739955</lat>
<lon>-2.65692070110781</lon>
<gazetteerText>ASHTON (Long), a parish and a subdistrict in Bedminster district, Somerset. The parish lies on the Bristol and Exeter railway, near Wans Dyke and Dundry Beacon, 3 miles SW of Bristol. It contains Bedminster workhouse, and Bower-Ashton, Kingcott, Providence, Yanley, and Rownham hamlets; and has a post office under Bristol. Acres, 4,237. Real property, &#163;10,535. Pop., 2,000. Houses, 297. The centre is a fertile wooded vale; partly disposed in market gardens and orchards, for sending vegetables and fruit to Bristol. The N rises into a range of bleak but picturesque hills, which command a grand view of the surrounding country. The S goes up to Barrow Common, which is sometimes deemed extra-parochial, and has remains of Roman camps at Stokeleigh and Burwalls. The chief residence is Ashton Court: which see. Many Roman coins have been found. The living is a vicarage in the diocese of Bath and Wells. Value, &#163;450.* Patrons, Sir J. Smyth, Bart., and W. G. Langton, Esq. The church dates from 1390; has a carved Gothic screen, dividing the chancel from the nave and aisles; contains figured stained windows and some handsome monuments; and is surmounted by a tower, with the arms of the Lyons family in stone. There are an Independent chapel, an endowed school with &#163;14, and other charities with &#163;142 Collinson, the county historian, was vicar.-The subdistrict comprises seven parishes. Acres, 19,349. Pop., 5,864. Houses, 1,073. (In 1870-72, John Marius Wilson&apos;s Imperial Gazetteer of England and Wales)</gazetteerText>
<links>
<link>http://www.genuki.org.uk/big/eng/SOM/LongAshton/index.html</link>
<link>http://en.wikipedia.org/wiki/Long_Ashton</link>
<link>http://www.geonames.org/2643726</link>
</links>
<unit>
   <id>10075518</id>
   <status>RegD/PLU</status>
   <name>LONG ASHTON</name>
</unit>
<unit>
   <id>10107763</id>
   <status>RD</status>
   <name>LONG ASHTON</name>
</unit>
<unit>
   <id>10418409</id>
   <status>CP/AP</status>
   <name>LONG ASHTON</name>
</unit>
<unit>
   <id>10418458</id>
   <status>EP</status>
   <name>LONG ASHTON</name>
</unit>
<unit>
   <id>10549980</id>
   <status></status>
   <name>LONG ASHTON</name>
</unit>
<unit>
   <id>12752520</id>
   <status>PDivCon</status>
   <name>SOMERSETSHIRE NORTHERN</name>
</unit>
<nearByPlace>
   <id>12360</id>
   <name>BACKWELL</name>
</nearByPlace>
<nearByPlace>
   <id>12856</id>
   <name>FLAX BOURTON</name>
</nearByPlace>
<nearByPlace>
   <id>13041</id>
   <name>ABBOTS LEIGH</name>
</nearByPlace>
</place>
</results>
