<results>
<copyright>(c) 2012, Great Britain Historical GIS, University of Portsmouth, UK. Published under the Creative Commons Attribution 2.0 UK: England &amp; Wales License (http://creativecommons.org/licenses/by/2.0/uk/).</copyright>
<place>
<id>12565</id>
<name>CHILTON POLDEN</name>
<container>SOMERSET</container>
<lat>51.1658792923531</lat>
<lon>-2.88952272961375</lon>
<gazetteerText>CHILTON-UPON-POLDEN, a village and a chapelry in Moorlinch parish, Somerset. The village stands 3&#189; miles SSW of Edington-Road r. station, and 5 ENE of Bridgewater; and has a post office, of the name of Chilton, under Bridgewater. The chapelry includes also part of the hamlet of Burtle. Acres, 1,856. Real property, &#163;3, 717. Pop., 511. Houses, 118. A narrow hill-ridge here, called Cockhill, commands extensive and brilliant views; and is crowned by a museum, called Chilton Priory, containing some curious local antiquities. The living is a p. curacy, united with Edington, in the dio. of Bath and Wells. Value, &#163;120.* Patron, the Rev. R. J. Luscombe. There is an Independent chapel. (In 1870-72, John Marius Wilson&apos;s Imperial Gazetteer of England and Wales)</gazetteerText>
<links>
<link>http://www.genuki.org.uk/big/eng/SOM/ChiltonPolden/index.html</link>
<link>http://www.geonames.org/7297198</link>
<link>http://www.british-history.ac.uk/report.asp?compid=15105</link>
</links>
<unit>
   <id>10424215</id>
   <status>Ch/CP</status>
   <name>CHILTON POLDEN</name>
</unit>
<unit>
   <id>10424227</id>
   <status>EP</status>
   <name>CHILTON POLDEN</name>
</unit>
</place>
</results>
