<results>
<copyright>(c) 2012, Great Britain Historical GIS, University of Portsmouth, UK. Published under the Creative Commons Attribution 2.0 UK: England &amp; Wales License (http://creativecommons.org/licenses/by/2.0/uk/).</copyright>
<place>
<id>8645</id>
<name>BOURTON ON DUNSMORE</name>
<container>WARWICKSHIRE</container>
<lat>52.3295709392349</lat>
<lon>-1.36012521022291</lon>
<gazetteerText>BOURTON-UPON-DUNSMOOR, a parish in Rugby district, Warwick; on the river Leam, and on the Leamington and Rugby railway, 1 mile SSE of Birdingbury station, and 5&#189; SW by W of Rugby. It includes the hamlet of Draycott; and has a post office, of the name of Bourton, under Rugby. Acres, 2,520. Real property, &#163;3,186. Pop., 382. Houses, 77. The property is divided among a few. Bourton Hall is the seat of B. Shuckburgh, Esq. The parish is a meet for the North Warwick hounds. The living is a rectory in the diocese of Worcester. Value, &#163;350.* Patron, B. Shuckburgh, Esq. The church was repaired in 1859. Charities, &#163;19. (In 1870-72, John Marius Wilson&apos;s Imperial Gazetteer of England and Wales)</gazetteerText>
<links>
<link>http://www.genuki.org.uk/big/eng/WAR/BourtonuponDunsmore/index.html</link>
<link>http://www.geonames.org/2655089</link>
<link>http://en.wikipedia.org/wiki/Bourton-on-Dunsmore</link>
<link>http://www.british-history.ac.uk/report.asp?compid=57092</link>
</links>
<unit>
   <id>10298507</id>
   <status>CP/AP</status>
   <name>BURTON AND DRAYCOTTE</name>
</unit>
<unit>
   <id>10298519</id>
   <status>EP</status>
   <name>BOURTON ON DUNSMORE</name>
</unit>
</place>
</results>
