<results>
<copyright>(c) 2012, Great Britain Historical GIS, University of Portsmouth, UK. Published under the Creative Commons Attribution 2.0 UK: England &amp; Wales License (http://creativecommons.org/licenses/by/2.0/uk/).</copyright>
<place>
<id>9150</id>
<name>KERESLEY</name>
<container>WARWICKSHIRE</container>
<lat>52.4499363950166</lat>
<lon>-1.53506331946174</lon>
<gazetteerText>KERESLEY, a hamlet and a chapelry in Warwickshire. The hamlet is in Coventry-St. Michael parish; lies near the Coventry and Nuneaton railway, 1&#189; mile NNW of Coventry; and has a post office under Coventry. Acres, 1, 058. Real property, &#163;3, 012. Pop., 567. Houses, 118. The manor was given to the monks of Coventry, in the time of Henry III., by Roger de Montalt; and belongs now to Queen&apos;s College, Oxford. The ribbon manufacture is carried on.&#151;The chapelry includes also Coundon hamlet in Holy Trinity parish; bears the name of Keresley and Coundon; and was constituted in 1848. Acres, 2, 104. Real property, &#163;6, 031. Pop., 792. Houses, 170. The living is a p. curacy in the diocese of Worcester. Value, &#163;105. Patron, the Bishop of Worcester. The church was built in 1847, at a cost of &#163;3, 000; and has a tower and spire. There is a national school. (In 1870-72, John Marius Wilson&apos;s Imperial Gazetteer of England and Wales)</gazetteerText>
<links>
<link>http://en.wikipedia.org/wiki/Keresley</link>
<link>http://www.geonames.org/2645778</link>
</links>
<unit>
   <id>10315426</id>
   <status>Hmlt/CP</status>
   <name>KERESLEY</name>
</unit>
<unit>
   <id>10315475</id>
   <status>EP</status>
   <name>KERESLEY WITH COUNDON</name>
</unit>
</place>
</results>
