<results>
<copyright>(c) 2012, Great Britain Historical GIS, University of Portsmouth, UK. Published under the Creative Commons Attribution 2.0 UK: England &amp; Wales License (http://creativecommons.org/licenses/by/2.0/uk/).</copyright>
<place>
<id>24200</id>
<name>ATTLEBOROUGH</name>
<container>WARWICKSHIRE</container>
<lat>52.5134523274684</lat>
<lon>-1.45177647679337</lon>
<gazetteerText>ATTLEBOROUGH, a chapelry in Nuneaton parish, Warwick; on the Trent Valley railway and the river Anker, near the Coventry canal, 1 mile S of Nuneaton. It was constituted in 1843. It has a post office under Nuneaton. Real property, &#163;4,539. Pop., 1,392. Houses, 322. The property is subdivided. The living is a vicarage in the diocese of Worcester. Value, &#163;170.* Patron. the Vicar of Nuneaton. The church was built in 1841, and is in the early English style. There are a Baptist chapel and a national school. (In 1870-72, John Marius Wilson&apos;s Imperial Gazetteer of England and Wales)</gazetteerText>
<links>
<link>http://www.geonames.org/2656837</link>
<link>http://en.wikipedia.org/wiki/Attleborough,_Warwickshire</link>
</links>
<unit>
   <id>10294149</id>
   <status>EP</status>
   <name>ATTLEBOROUGH</name>
</unit>
</place>
</results>
