<results>
<copyright>(c) 2012, Great Britain Historical GIS, University of Portsmouth, UK. Published under the Creative Commons Attribution 2.0 UK: England &amp; Wales License (http://creativecommons.org/licenses/by/2.0/uk/).</copyright>
<place>
<id>935</id>
<name>STRATFORD ON AVON</name>
<container>WARWICKSHIRE</container>
<lat>52.1911622287385</lat>
<lon>-1.69559573908655</lon>
<gazetteerText>Stratford on Avon.-- mun. bor., market town, and township, Old Stratford par., Warwickshire, on river Avon, 8 miles SW. of Warwick and 101 NW. of London by rail - township, pop. 4079; bor. (including Stratford on Avon township, and the greater part of Old Stratford township), 3865 ac., pop. 8054; P.O., T.O., 2 Banks, 2 newspapers. Market-day, Friday. Stratford on Avon had a monastery of the 7th century, and was a place of some consequence previous to the Conquest, but in modern times it is famous chiefly as the place where Shakspere (1564-1616) was born and died, and on that ground is visited by travellers from every part of the world. The chief objects of interest, besides the house in Henley Street in which Shakspere was born, the parish church of Holy Trinity in which he was buried, and the Shakspere Memorial Theatre (1878), are the grammar school founded in 1482, and the ancient bridge of fourteen arches built in the time of Henry VII. Stratford on Avon received a charter for holding a market from Richard I., and was incorporated by Edward VI. The trade is chiefly connected with agriculture. (In 1887, John Bartholomew&apos;s Gazetteer of the British Isles)</gazetteerText>
<links>
<link>http://www.genuki.org.uk/big/eng/WAR/StratfordonAvon/index.html</link>
<link>http://www.genuki.org.uk/big/eng/WAR/OldStratford/index.html</link>
<link>http://www.workhouses.org.uk/StratfordOnAvon</link>
<link>http://www.geonames.org/6695672</link>
<link>http://www.british-history.ac.uk/report.asp?compid=57015</link>
<link>http://www.british-history.ac.uk/report.asp?compid=57017</link>
<link>http://www.british-history.ac.uk/report.asp?compid=57018</link>
<link>http://www.british-history.ac.uk/report.asp?compid=57019</link>
<link>http://www.british-history.ac.uk/report.asp?compid=57021</link>
<link>http://www.british-history.ac.uk/report.asp?compid=57016</link>
<link>http://www.british-history.ac.uk/report.asp?compid=57020</link>
</links>
<unit>
   <id>10002497</id>
   <status>RD</status>
   <name>STRATFORD ON AVON</name>
</unit>
<unit>
   <id>10027779</id>
   <status>USD</status>
   <name>STRATFORD ON AVON</name>
</unit>
<unit>
   <id>10029004</id>
   <status>RSD</status>
   <name>STRATFORD ON AVON</name>
</unit>
<unit>
   <id>10043750</id>
   <status>RegD/PLU</status>
   <name>STRATFORD ON AVON</name>
</unit>
<unit>
   <id>10057218</id>
   <status></status>
   <name>STRATFORD ON AVON</name>
</unit>
<unit>
   <id>10166329</id>
   <status>Borough</status>
   <name>STRATFORD ON AVON</name>
</unit>
<unit>
   <id>10173486</id>
   <status>MB</status>
   <name>STRATFORD ON AVON</name>
</unit>
<unit>
   <id>10320598</id>
   <status>CP/AP</status>
   <name>OLD STRATFORD</name>
</unit>
<unit>
   <id>10320604</id>
   <status>CP</status>
   <name>OLD STRATFORD AND DRAYTON</name>
</unit>
<unit>
   <id>10320628</id>
   <status>CP</status>
   <name>OLD STRATFORD WITHIN</name>
</unit>
<unit>
   <id>10320653</id>
   <status>EP</status>
   <name>STRATFORD ON AVON</name>
</unit>
<unit>
   <id>10320665</id>
   <status>CP/Tn</status>
   <name>STRATFORD ON AVON</name>
</unit>
<unit>
   <id>10320677</id>
   <status>EP</status>
   <name>STRATFORD ON AVON WITH BISHOPTON</name>
</unit>
<unit>
   <id>10548433</id>
   <status></status>
   <name>STRATFORD ON AVON</name>
</unit>
<unit>
   <id>10560731</id>
   <status></status>
   <name>STRATFORD ON AVON</name>
</unit>
<unit>
   <id>10580821</id>
   <status></status>
   <name>STRATFORD ON AVON</name>
</unit>
<unit>
   <id>12741560</id>
   <status>PDivCon</status>
   <name>WARWICKSHIRE SOUTH WESTERN OR STRATFORD ON AVON</name>
</unit>
<unit>
   <id>12754322</id>
   <status>CCon</status>
   <name>STRATFORD ON AVON</name>
</unit>
<unit>
   <id>12754553</id>
   <status>CCon</status>
   <name>STRATFORD</name>
</unit>
<unit>
   <id>12831950</id>
   <status></status>
   <name>STRATFORD ON AVON</name>
</unit>
<nearByPlace>
   <id>8520</id>
   <name>ALVESTON</name>
</nearByPlace>
<nearByPlace>
   <id>8536</id>
   <name>ASTON CANTLOW</name>
</nearByPlace>
<nearByPlace>
   <id>8647</id>
   <name>BRAILES</name>
</nearByPlace>
<nearByPlace>
   <id>9153</id>
   <name>KINETON</name>
</nearByPlace>
<nearByPlace>
   <id>9355</id>
   <name>SNITTERFIELD</name>
</nearByPlace>
<nearByPlace>
   <id>9406</id>
   <name>WELLESBOURNE</name>
</nearByPlace>
<nearByPlace>
   <id>9473</id>
   <name>WOOTTON WAWEN</name>
</nearByPlace>
<nearByPlace>
   <id>10088</id>
   <name>SHIPSTON ON STOUR</name>
</nearByPlace>
<nearByPlace>
   <id>10108</id>
   <name>TREDINGTON</name>
</nearByPlace>
</place>
</results>
