<results>
<copyright>(c) 2012, Great Britain Historical GIS, University of Portsmouth, UK. Published under the Creative Commons Attribution 2.0 UK: England &amp; Wales License (http://creativecommons.org/licenses/by/2.0/uk/).</copyright>
<place>
<id>11534</id>
<name>BEECHINGSTOKE</name>
<container>WILTSHIRE</container>
<lat>51.3291652430121</lat>
<lon>-1.8595979004018</lon>
<gazetteerText>BEECHING-STOKE, a parish in Devizes district, Wilts; on the river Avon, 2 miles S of the Kennet and Avon canal, and 6 ESE of Devizes r. station. It has a post office under Devizes. Acres, 880. Real property, &#163;1,893. Pop., 180. Houses, 44. The property is divided among four. The living is a rectory in the diocese of Salisbury. Value, &#163;293.* Patron, G. W. Heneage, Esq. The church is tolerable. (In 1870-72, John Marius Wilson&apos;s Imperial Gazetteer of England and Wales)</gazetteerText>
<links>
<link>http://www.genuki.org.uk/big/eng/WIL/Beechingstoke/index.htm</link>
<link>http://www.geonames.org/2656027</link>
<link>http://en.wikipedia.org/wiki/Beechingstoke</link>
</links>
<unit>
   <id>10397406</id>
   <status>AP/CP</status>
   <name>BEECHINGSTOKE</name>
</unit>
<unit>
   <id>10397510</id>
   <status>EP</status>
   <name>BEECHINGSTOKE</name>
</unit>
</place>
</results>
