<results>
<copyright>(c) 2012, Great Britain Historical GIS, University of Portsmouth, UK. Published under the Creative Commons Attribution 2.0 UK: England &amp; Wales License (http://creativecommons.org/licenses/by/2.0/uk/).</copyright>
<place>
<id>12108</id>
<name>STERT</name>
<container>WILTSHIRE</container>
<lat>51.3337333031037</lat>
<lon>-1.9359337968157</lon>
<gazetteerText>STERT, a chapelry in Urchfont parish, Wilts; on the Mid Wilts railway, 2&#189; miles ESE of Devizes. Post town, Devizes. Acres, 638. Real property, &#163;1,338. Pop., 184. Houses, 40. The living is annexed to Urchfont. The church was built in 1846. (In 1870-72, John Marius Wilson&apos;s Imperial Gazetteer of England and Wales)</gazetteerText>
<links>
<link>http://www.genuki.org.uk/big/eng/WIL/Stert/index.htm</link>
<link>http://www.geonames.org/7299368</link>
</links>
<unit>
   <id>10412390</id>
   <status>CP/Tg</status>
   <name>STERT</name>
</unit>
</place>
</results>
